{
  "gpt-4o": 0.0075,
  "gpt-4o-mini": 0.00015,
  "gpt-4-turbo": 0.015,
  "gpt-4": 0.045,
  "gpt-3.5-turbo": 0.001,
  "claude-3-opus": 0.0375,
  "claude-3-sonnet": 0.009,
  "claude-3-haiku": 0.000625,
  "claude-3-5-sonnet": 0.009,
  "default": 0.005
}